{"cameraMode":{"drawMode":0,"name":"Shaded","section":"Shading Mode"},"sceneLighting":true,"audioPlay":false,"sceneViewState":{"showFog":true,"showMaterialUpdate":true,"showSkybox":true,"showFlares":true,"showImageEffects":true,"showParticleSystems":true},"in2DMode":false,"pivot":{"x":9.26287841796875,"y":-2.569957971572876,"z":-11.732834815979004},"rotation":{"x":-0.0069478233344852928,"y":-0.9928763508796692,"z":0.0740043967962265,"w":-0.09319406747817993},"size":22.0,"orthographic":false}