{"cameraMode":{"drawMode":0,"name":"Shaded","section":"Shading Mode"},"sceneLighting":true,"audioPlay":false,"sceneViewState":{"showFog":true,"showMaterialUpdate":true,"showSkybox":true,"showFlares":true,"showImageEffects":true,"showParticleSystems":true},"in2DMode":false,"pivot":{"x":4.630061149597168,"y":-7.7379865646362309,"z":18.23787498474121},"rotation":{"x":0.3223572373390198,"y":-0.42328861355781557,"z":0.16427664458751679,"w":0.8306252360343933},"size":14.991819381713868,"orthographic":false}