{"cameraMode":{"drawMode":0,"name":"Shaded","section":"Shading Mode"},"sceneLighting":false,"audioPlay":false,"sceneViewState":{"showFog":true,"showMaterialUpdate":true,"showSkybox":false,"showFlares":true,"showImageEffects":true,"showParticleSystems":true},"in2DMode":false,"pivot":{"x":-1.0201027393341065,"y":-2.9879708290100099,"z":-5.666819095611572},"rotation":{"x":-0.0245586559176445,"y":-0.9286290407180786,"z":0.36488720774650576,"w":-0.06250183284282685},"size":7.486936569213867,"orthographic":false}