{"cameraMode":{"drawMode":0,"name":"Shaded","section":"Shading Mode"},"sceneLighting":false,"audioPlay":false,"sceneViewState":{"showFog":true,"showMaterialUpdate":true,"showSkybox":false,"showFlares":true,"showImageEffects":true,"showParticleSystems":true},"in2DMode":false,"pivot":{"x":-8.162785530090332,"y":0.8068493604660034,"z":-11.626227378845215},"rotation":{"x":-0.11159395426511765,"y":0.885723888874054,"z":-0.27982252836227419,"w":-0.3532460629940033},"size":2.880242109298706,"orthographic":false}