{"cameraMode":{"drawMode":0,"name":"Shaded","section":"Shading Mode"},"sceneLighting":true,"audioPlay":false,"sceneViewState":{"showFog":true,"showMaterialUpdate":true,"showSkybox":true,"showFlares":true,"showImageEffects":true,"showParticleSystems":true},"in2DMode":false,"pivot":{"x":-0.2239243984222412,"y":-0.27735352516174319,"z":1.3775440454483033},"rotation":{"x":-0.2714237868785858,"y":0.47282493114471438,"z":-0.15580248832702638,"w":-0.8237079977989197},"size":5.390024185180664,"orthographic":false}