{"cameraMode":{"drawMode":0,"name":"Shaded","section":"Shading Mode"},"sceneLighting":true,"audioPlay":false,"sceneViewState":{"showFog":true,"showMaterialUpdate":true,"showSkybox":true,"showFlares":true,"showImageEffects":true,"showParticleSystems":true},"in2DMode":false,"pivot":{"x":-410.7330017089844,"y":-1166.9278564453125,"z":1644.4453125},"rotation":{"x":-0.2930465042591095,"y":0.11607606709003449,"z":-0.0358705148100853,"w":-0.948354959487915},"size":2132.74267578125,"orthographic":false}