{"cameraMode":{"drawMode":0,"name":"Shaded","section":"Shading Mode"},"sceneLighting":true,"audioPlay":false,"sceneViewState":{"showFog":true,"showMaterialUpdate":true,"showSkybox":true,"showFlares":true,"showImageEffects":true,"showParticleSystems":true},"in2DMode":false,"pivot":{"x":-5.882208347320557,"y":4.375406265258789,"z":9.146468162536621},"rotation":{"x":0.17939616739749909,"y":0.7653881311416626,"z":-0.24129435420036317,"w":0.5690261125564575},"size":0.5982078313827515,"orthographic":false}