{"cameraMode":{"drawMode":0,"name":"Shaded","section":"Shading Mode"},"sceneLighting":true,"audioPlay":false,"sceneViewState":{"showFog":true,"showMaterialUpdate":true,"showSkybox":false,"showFlares":true,"showImageEffects":true,"showParticleSystems":true},"in2DMode":false,"pivot":{"x":8.109000205993653,"y":0.9582871198654175,"z":-4.877774238586426},"rotation":{"x":-0.13119854032993318,"y":-0.8629062175750732,"z":0.395017147064209,"w":-0.2866212725639343},"size":1.2108616828918458,"orthographic":false}