{"cameraMode":{"drawMode":0,"name":"Shaded","section":"Shading Mode"},"sceneLighting":false,"audioPlay":false,"sceneViewState":{"showFog":true,"showMaterialUpdate":true,"showSkybox":false,"showFlares":true,"showImageEffects":true,"showParticleSystems":true},"in2DMode":false,"pivot":{"x":3.89607834815979,"y":-7.6426849365234379,"z":-0.6030718088150024},"rotation":{"x":0.3714054226875305,"y":0.44813215732574465,"z":-0.21201656758785249,"w":0.7850488424301148},"size":3.8209099769592287,"orthographic":false}